text,label
I feel more confident after completing this course.,positive
This course served as a fair introduction to the topic.,neutral
I found the explanations too vague to be helpful.,negative
I found the explanations too vague to be helpful.,negative
The content was engaging and very practical.,positive
The instructor seemed unprepared and rushed through sections.,negative
I expected more depth and clarity from this course.,negative
"It was an average learning experience, not bad overall.",neutral
This material provided a good general overview of the topic.,neutral
The examples didn’t match the explanations provided.,negative
"It was an average learning experience, not bad overall.",neutral
The sound quality made it difficult to focus on the lecture.,negative
This course served as a fair introduction to the topic.,neutral
The instructor seemed unprepared and rushed through sections.,negative
A standard learning experience with room for improvement.,neutral
The visuals and demonstrations made everything clear.,positive
An acceptable course for those new to the subject.,neutral
"The course was okay, covered the basics adequately.",neutral
Fantastic course! I learned so much.,positive
I'm very happy with the quality of this learning material.,positive
This material provided a good general overview of the topic.,neutral
The instructor seemed unprepared and rushed through sections.,negative
I didn’t find this tutorial very engaging or useful.,negative
I didn’t find this tutorial very engaging or useful.,negative
The course design and delivery were top-notch.,positive
The course was confusing and lacked clear explanations.,negative
This was an excellent resource for learning new concepts.,positive
"The lessons were fine, though not very engaging.",neutral
"I really enjoyed this course, it was very informative.",positive
"Great effort from the instructor, very supportive and clear.",positive
An acceptable course for those new to the subject.,neutral
The content was decent but nothing exceptional.,neutral
The course design and delivery were top-notch.,positive
Some lessons were interesting while others were just fine.,neutral
This was an excellent resource for learning new concepts.,positive
An acceptable course for those new to the subject.,neutral
This material provided a good general overview of the topic.,neutral
The lessons were structured perfectly and easy to follow.,positive
Important concepts were skipped without explanation.,negative
The assignments were unclear and confusing.,negative
Some of the lessons were poorly structured and unclear.,negative
"I really enjoyed this course, it was very informative.",positive
"It was an average learning experience, not bad overall.",neutral
The content was disorganized and hard to follow.,negative
"Overall, this course felt incomplete and not well planned.",negative
A standard learning experience with room for improvement.,neutral
The instructor explained things well enough for a short course.,neutral
"Overall, this course felt incomplete and not well planned.",negative
The course design and delivery were top-notch.,positive
Excellent teaching style and great examples.,positive
Important concepts were skipped without explanation.,negative
Important concepts were skipped without explanation.,negative
This was an excellent resource for learning new concepts.,positive
Some lessons were interesting while others were just fine.,neutral
I found the explanations too vague to be helpful.,negative
The assignments were unclear and confusing.,negative
I had trouble understanding most of the lessons.,negative
Some lessons were interesting while others were just fine.,neutral
I appreciate the instructor’s detailed explanations.,positive
This tutorial was concise and easy to understand.,positive
Some lessons were interesting while others were just fine.,neutral
The instructor moved too quickly and skipped key points.,negative
Every session added real value to my understanding.,positive
The lessons were structured perfectly and easy to follow.,positive
Fantastic course! I learned so much.,positive
"The course was okay, covered the basics adequately.",neutral
The course didn’t meet my expectations at all.,negative
The delivery was adequate and consistent throughout.,neutral
I learned a few new things but expected more detail.,neutral
"The class was fine, though it could use better organization.",neutral
The assignments were unclear and confusing.,negative
The course was confusing and lacked clear explanations.,negative
The assignments were unclear and confusing.,negative
I was disappointed with how the material was presented.,negative
The course design and delivery were top-notch.,positive
I learned a few new things but expected more detail.,neutral
Fantastic course! I learned so much.,positive
The content was engaging and very practical.,positive
I expected more depth and clarity from this course.,negative
The content was engaging and very practical.,positive
The sound quality made it difficult to focus on the lecture.,negative
"It was an average learning experience, not bad overall.",neutral
The pacing was fine but not particularly inspiring.,neutral
I was disappointed with how the material was presented.,negative
The examples helped reinforce the topics well.,positive
"The class was fine, though it could use better organization.",neutral
I didn’t find this tutorial very engaging or useful.,negative
The examples didn’t match the explanations provided.,negative
I had trouble understanding most of the lessons.,negative
This tutorial was repetitive and didn’t teach much.,negative
This course served as a fair introduction to the topic.,neutral
The instructor moved too quickly and skipped key points.,negative
The visuals and demonstrations made everything clear.,positive
"I really enjoyed this course, it was very informative.",positive
Fantastic course! I learned so much.,positive
It met the minimum expectations for a tutorial.,neutral
The material lacked real-world examples or context.,negative
The lessons didn’t go into enough detail on important topics.,negative
I feel more confident after completing this course.,positive
"Overall, this course felt incomplete and not well planned.",negative
A standard learning experience with room for improvement.,neutral
This tutorial was repetitive and didn’t teach much.,negative
The content was decent but nothing exceptional.,neutral
The instructor seemed unprepared and rushed through sections.,negative
The lessons didn’t go into enough detail on important topics.,negative
The course exceeded my expectations in every way.,positive
The lessons were structured perfectly and easy to follow.,positive
The pacing was fine but not particularly inspiring.,neutral
"It was informative, but some areas lacked examples.",neutral
Highly recommend this class to anyone interested in the topic.,positive
Important concepts were skipped without explanation.,negative
The examples helped reinforce the topics well.,positive
This was an excellent resource for learning new concepts.,positive
I learned a few new things but expected more detail.,neutral
The assignments were unclear and confusing.,negative
The examples helped reinforce the topics well.,positive
Highly recommend this class to anyone interested in the topic.,positive
Every session added real value to my understanding.,positive
Important concepts were skipped without explanation.,negative
The content was disorganized and hard to follow.,negative
A neutral learning experience overall.,neutral
The instructor moved too quickly and skipped key points.,negative
The content was decent but nothing exceptional.,neutral
The examples didn’t match the explanations provided.,negative
I'm very happy with the quality of this learning material.,positive
This tutorial was repetitive and didn’t teach much.,negative
"The lessons were fine, though not very engaging.",neutral
The lessons didn’t go into enough detail on important topics.,negative
This was an excellent resource for learning new concepts.,positive
"The course was okay, covered the basics adequately.",neutral
"It’s a useful reference, though not very comprehensive.",neutral
"It was an average learning experience, not bad overall.",neutral
The instructor moved too quickly and skipped key points.,negative
Highly recommend this class to anyone interested in the topic.,positive
The material lacked real-world examples or context.,negative
The course didn’t meet my expectations at all.,negative
The content was decent but nothing exceptional.,neutral
Important concepts were skipped without explanation.,negative
An acceptable course for those new to the subject.,neutral
The lessons didn’t go into enough detail on important topics.,negative
The examples didn’t match the explanations provided.,negative
Important concepts were skipped without explanation.,negative
The lessons were structured perfectly and easy to follow.,positive
This course served as a fair introduction to the topic.,neutral
The sound quality made it difficult to focus on the lecture.,negative
The pacing was fine but not particularly inspiring.,neutral
The material lacked real-world examples or context.,negative
The lessons didn’t go into enough detail on important topics.,negative
"It was informative, but some areas lacked examples.",neutral
Excellent teaching style and great examples.,positive
I feel more confident after completing this course.,positive
Fantastic course! I learned so much.,positive
"Great effort from the instructor, very supportive and clear.",positive
This was an excellent resource for learning new concepts.,positive
I struggled to follow the instructor’s pace.,negative
The pacing was fine but not particularly inspiring.,neutral
I didn’t find this tutorial very engaging or useful.,negative
The lessons didn’t go into enough detail on important topics.,negative
I'm very happy with the quality of this learning material.,positive
The sound quality made it difficult to focus on the lecture.,negative
The examples helped reinforce the topics well.,positive
It was a satisfactory tutorial for beginners.,neutral
This tutorial was repetitive and didn’t teach much.,negative
"Great effort from the instructor, very supportive and clear.",positive
I learned a few new things but expected more detail.,neutral
The lessons didn’t go into enough detail on important topics.,negative
I learned a few new things but expected more detail.,neutral
The course design and delivery were top-notch.,positive
The examples helped reinforce the topics well.,positive
The lessons were structured perfectly and easy to follow.,positive
"The lessons were fine, though not very engaging.",neutral
"Great effort from the instructor, very supportive and clear.",positive
I struggled to follow the instructor’s pace.,negative
Excellent teaching style and great examples.,positive
This was an excellent resource for learning new concepts.,positive
I was disappointed with how the material was presented.,negative
I feel more confident after completing this course.,positive
Clear explanations made difficult concepts easy.,positive
The instructor explained things well enough for a short course.,neutral
The lessons were structured perfectly and easy to follow.,positive
"The lessons were fine, though not very engaging.",neutral
An acceptable course for those new to the subject.,neutral
"It was informative, but some areas lacked examples.",neutral
This material provided a good general overview of the topic.,neutral
The assignments were unclear and confusing.,negative
I expected more depth and clarity from this course.,negative
I expected more depth and clarity from this course.,negative
I'm very happy with the quality of this learning material.,positive
The content was disorganized and hard to follow.,negative
"The course was okay, covered the basics adequately.",neutral
I learned a few new things but expected more detail.,neutral
The content was decent but nothing exceptional.,neutral
Some lessons were interesting while others were just fine.,neutral
The lessons didn’t go into enough detail on important topics.,negative
The course was confusing and lacked clear explanations.,negative
"The class was fine, though it could use better organization.",neutral
This course served as a fair introduction to the topic.,neutral
This tutorial was concise and easy to understand.,positive
Fantastic course! I learned so much.,positive
A neutral learning experience overall.,neutral
I didn’t find this tutorial very engaging or useful.,negative
The content was engaging and very practical.,positive
A neutral learning experience overall.,neutral
The lessons didn’t go into enough detail on important topics.,negative
Some lessons were interesting while others were just fine.,neutral
Clear explanations made difficult concepts easy.,positive
An acceptable course for those new to the subject.,neutral
"Nothing remarkable, but it covered what was necessary.",neutral
"Great effort from the instructor, very supportive and clear.",positive
The pacing was fine but not particularly inspiring.,neutral
Fantastic course! I learned so much.,positive
I feel more confident after completing this course.,positive
The course didn’t meet my expectations at all.,negative
The content was decent but nothing exceptional.,neutral
The pacing was fine but not particularly inspiring.,neutral
I learned a few new things but expected more detail.,neutral
"It was an average learning experience, not bad overall.",neutral
The pacing was fine but not particularly inspiring.,neutral
I was disappointed with how the material was presented.,negative
This course served as a fair introduction to the topic.,neutral
The instructor moved too quickly and skipped key points.,negative
It was a satisfactory tutorial for beginners.,neutral
The lessons were structured perfectly and easy to follow.,positive
"The lessons were fine, though not very engaging.",neutral
The instructor explained things well enough for a short course.,neutral
It met the minimum expectations for a tutorial.,neutral
It was a satisfactory tutorial for beginners.,neutral
"Great effort from the instructor, very supportive and clear.",positive
Excellent teaching style and great examples.,positive
This course served as a fair introduction to the topic.,neutral
Every session added real value to my understanding.,positive
"It was an average learning experience, not bad overall.",neutral
The instructor moved too quickly and skipped key points.,negative
The lessons were structured perfectly and easy to follow.,positive
Excellent teaching style and great examples.,positive
"It’s a useful reference, though not very comprehensive.",neutral
The examples helped reinforce the topics well.,positive
I appreciate the instructor’s detailed explanations.,positive
The instructor explained things well enough for a short course.,neutral
I was disappointed with how the material was presented.,negative
"The lessons were fine, though not very engaging.",neutral
The examples helped reinforce the topics well.,positive
Excellent teaching style and great examples.,positive
Every session added real value to my understanding.,positive
Some lessons were interesting while others were just fine.,neutral
A standard learning experience with room for improvement.,neutral
Important concepts were skipped without explanation.,negative
The assignments were unclear and confusing.,negative
"The course was okay, covered the basics adequately.",neutral
I found the explanations too vague to be helpful.,negative
"The lessons were fine, though not very engaging.",neutral
The content was decent but nothing exceptional.,neutral
Some lessons were interesting while others were just fine.,neutral
The sound quality made it difficult to focus on the lecture.,negative
I feel more confident after completing this course.,positive
The course design and delivery were top-notch.,positive
"Great effort from the instructor, very supportive and clear.",positive
The sound quality made it difficult to focus on the lecture.,negative
An acceptable course for those new to the subject.,neutral
The content was decent but nothing exceptional.,neutral
This tutorial was repetitive and didn’t teach much.,negative
It met the minimum expectations for a tutorial.,neutral
I'm very happy with the quality of this learning material.,positive
Highly recommend this class to anyone interested in the topic.,positive
This tutorial was concise and easy to understand.,positive
The course exceeded my expectations in every way.,positive
I expected more depth and clarity from this course.,negative
The lessons were structured perfectly and easy to follow.,positive
The lessons were structured perfectly and easy to follow.,positive
Some of the lessons were poorly structured and unclear.,negative
The instructor explained things well enough for a short course.,neutral
I had trouble understanding most of the lessons.,negative
Excellent teaching style and great examples.,positive
"The class was fine, though it could use better organization.",neutral
Well-organized course with great pacing.,positive
This tutorial was concise and easy to understand.,positive
"It’s a useful reference, though not very comprehensive.",neutral
"The course was okay, covered the basics adequately.",neutral
The assignments were unclear and confusing.,negative
The instructor seemed unprepared and rushed through sections.,negative
Highly recommend this class to anyone interested in the topic.,positive
The content was disorganized and hard to follow.,negative
I struggled to follow the instructor’s pace.,negative
It was a satisfactory tutorial for beginners.,neutral
The instructor explained everything clearly and effectively.,positive
The content was engaging and very practical.,positive
I feel more confident after completing this course.,positive
The content was engaging and very practical.,positive
I had trouble understanding most of the lessons.,negative
"Great effort from the instructor, very supportive and clear.",positive
The examples didn’t match the explanations provided.,negative
The assignments were unclear and confusing.,negative
I appreciate the instructor’s detailed explanations.,positive
"The class was fine, though it could use better organization.",neutral
The examples helped reinforce the topics well.,positive
The content was engaging and very practical.,positive
"Great effort from the instructor, very supportive and clear.",positive
This course served as a fair introduction to the topic.,neutral
"It’s a useful reference, though not very comprehensive.",neutral
A neutral learning experience overall.,neutral
Well-organized course with great pacing.,positive
The course exceeded my expectations in every way.,positive
I appreciate the instructor’s detailed explanations.,positive
This tutorial was repetitive and didn’t teach much.,negative
The examples didn’t match the explanations provided.,negative
I learned a few new things but expected more detail.,neutral
The sound quality made it difficult to focus on the lecture.,negative
The course design and delivery were top-notch.,positive
The lessons didn’t go into enough detail on important topics.,negative
I didn’t find this tutorial very engaging or useful.,negative
Important concepts were skipped without explanation.,negative
The course design and delivery were top-notch.,positive
The instructor explained everything clearly and effectively.,positive
I was disappointed with how the material was presented.,negative
The instructor moved too quickly and skipped key points.,negative
"I really enjoyed this course, it was very informative.",positive
This material provided a good general overview of the topic.,neutral
I found the explanations too vague to be helpful.,negative
The instructor explained things well enough for a short course.,neutral
The examples helped reinforce the topics well.,positive
The sound quality made it difficult to focus on the lecture.,negative
This was an excellent resource for learning new concepts.,positive
I struggled to follow the instructor’s pace.,negative
This material provided a good general overview of the topic.,neutral
I had trouble understanding most of the lessons.,negative
The instructor explained everything clearly and effectively.,positive
Well-organized course with great pacing.,positive
A standard learning experience with room for improvement.,neutral
The lessons were structured perfectly and easy to follow.,positive
"The course was okay, covered the basics adequately.",neutral
I didn’t find this tutorial very engaging or useful.,negative
I had trouble understanding most of the lessons.,negative
The delivery was adequate and consistent throughout.,neutral
The course exceeded my expectations in every way.,positive
I appreciate the instructor’s detailed explanations.,positive
I was disappointed with how the material was presented.,negative
A neutral learning experience overall.,neutral
I found the explanations too vague to be helpful.,negative
This material provided a good general overview of the topic.,neutral
"The lessons were fine, though not very engaging.",neutral
The sound quality made it difficult to focus on the lecture.,negative
I was disappointed with how the material was presented.,negative
The course didn’t meet my expectations at all.,negative
The material lacked real-world examples or context.,negative
A neutral learning experience overall.,neutral
The course exceeded my expectations in every way.,positive
The content was engaging and very practical.,positive
The course didn’t meet my expectations at all.,negative
This material provided a good general overview of the topic.,neutral
The assignments were unclear and confusing.,negative
"The class was fine, though it could use better organization.",neutral
The examples didn’t match the explanations provided.,negative
Well-organized course with great pacing.,positive
The course didn’t meet my expectations at all.,negative
An acceptable course for those new to the subject.,neutral
It was a satisfactory tutorial for beginners.,neutral
"I really enjoyed this course, it was very informative.",positive
The examples didn’t match the explanations provided.,negative
The assignments were unclear and confusing.,negative
The course exceeded my expectations in every way.,positive
Some lessons were interesting while others were just fine.,neutral
A standard learning experience with room for improvement.,neutral
The visuals and demonstrations made everything clear.,positive
The content was decent but nothing exceptional.,neutral
"The class was fine, though it could use better organization.",neutral
The material lacked real-world examples or context.,negative
This tutorial was repetitive and didn’t teach much.,negative
Well-organized course with great pacing.,positive
It met the minimum expectations for a tutorial.,neutral
"Great effort from the instructor, very supportive and clear.",positive
The material lacked real-world examples or context.,negative
Excellent teaching style and great examples.,positive
The content was decent but nothing exceptional.,neutral
The instructor seemed unprepared and rushed through sections.,negative
This tutorial was concise and easy to understand.,positive
I feel more confident after completing this course.,positive
I had trouble understanding most of the lessons.,negative
It was a satisfactory tutorial for beginners.,neutral
Some lessons were interesting while others were just fine.,neutral
I was disappointed with how the material was presented.,negative
The lessons were structured perfectly and easy to follow.,positive
A neutral learning experience overall.,neutral
I struggled to follow the instructor’s pace.,negative
It was a satisfactory tutorial for beginners.,neutral
The content was decent but nothing exceptional.,neutral
Every session added real value to my understanding.,positive
"I really enjoyed this course, it was very informative.",positive
The examples helped reinforce the topics well.,positive
"It was informative, but some areas lacked examples.",neutral
"The class was fine, though it could use better organization.",neutral
An acceptable course for those new to the subject.,neutral
The course exceeded my expectations in every way.,positive
Every session added real value to my understanding.,positive
Every session added real value to my understanding.,positive
The content was decent but nothing exceptional.,neutral
A standard learning experience with room for improvement.,neutral
Every session added real value to my understanding.,positive
I appreciate the instructor’s detailed explanations.,positive
A neutral learning experience overall.,neutral
The material lacked real-world examples or context.,negative
Clear explanations made difficult concepts easy.,positive
The instructor moved too quickly and skipped key points.,negative
"I really enjoyed this course, it was very informative.",positive
It met the minimum expectations for a tutorial.,neutral
A neutral learning experience overall.,neutral
The material lacked real-world examples or context.,negative
Clear explanations made difficult concepts easy.,positive
An acceptable course for those new to the subject.,neutral
This course served as a fair introduction to the topic.,neutral
This material provided a good general overview of the topic.,neutral
This tutorial was repetitive and didn’t teach much.,negative
The course didn’t meet my expectations at all.,negative
I was disappointed with how the material was presented.,negative
The content was engaging and very practical.,positive
"It was an average learning experience, not bad overall.",neutral
The material lacked real-world examples or context.,negative
The instructor explained everything clearly and effectively.,positive
Fantastic course! I learned so much.,positive
Fantastic course! I learned so much.,positive
The visuals and demonstrations made everything clear.,positive
The content was decent but nothing exceptional.,neutral
The course design and delivery were top-notch.,positive
The instructor seemed unprepared and rushed through sections.,negative
The content was engaging and very practical.,positive
I struggled to follow the instructor’s pace.,negative
Highly recommend this class to anyone interested in the topic.,positive
It was a satisfactory tutorial for beginners.,neutral
The course didn’t meet my expectations at all.,negative
Fantastic course! I learned so much.,positive
I expected more depth and clarity from this course.,negative
The lessons were structured perfectly and easy to follow.,positive
The delivery was adequate and consistent throughout.,neutral
The content was disorganized and hard to follow.,negative
The instructor explained everything clearly and effectively.,positive
"It’s a useful reference, though not very comprehensive.",neutral
The delivery was adequate and consistent throughout.,neutral
Clear explanations made difficult concepts easy.,positive
The instructor moved too quickly and skipped key points.,negative
"The class was fine, though it could use better organization.",neutral
The delivery was adequate and consistent throughout.,neutral
Clear explanations made difficult concepts easy.,positive
Some of the lessons were poorly structured and unclear.,negative
"Great effort from the instructor, very supportive and clear.",positive
I didn’t find this tutorial very engaging or useful.,negative
The instructor moved too quickly and skipped key points.,negative
Fantastic course! I learned so much.,positive
I appreciate the instructor’s detailed explanations.,positive
It was a satisfactory tutorial for beginners.,neutral
Every session added real value to my understanding.,positive
The course was confusing and lacked clear explanations.,negative
"Great effort from the instructor, very supportive and clear.",positive
This course served as a fair introduction to the topic.,neutral
An acceptable course for those new to the subject.,neutral
Important concepts were skipped without explanation.,negative
The instructor moved too quickly and skipped key points.,negative
The examples didn’t match the explanations provided.,negative
The content was engaging and very practical.,positive
Fantastic course! I learned so much.,positive
The instructor explained everything clearly and effectively.,positive
The sound quality made it difficult to focus on the lecture.,negative
A neutral learning experience overall.,neutral
The course exceeded my expectations in every way.,positive
The delivery was adequate and consistent throughout.,neutral
The examples didn’t match the explanations provided.,negative
I struggled to follow the instructor’s pace.,negative
It met the minimum expectations for a tutorial.,neutral
The course didn’t meet my expectations at all.,negative
The visuals and demonstrations made everything clear.,positive
I feel more confident after completing this course.,positive
The instructor seemed unprepared and rushed through sections.,negative
This tutorial was repetitive and didn’t teach much.,negative
This tutorial was repetitive and didn’t teach much.,negative
"Great effort from the instructor, very supportive and clear.",positive
Some lessons were interesting while others were just fine.,neutral
The instructor explained things well enough for a short course.,neutral
The lessons didn’t go into enough detail on important topics.,negative
The content was disorganized and hard to follow.,negative
Excellent teaching style and great examples.,positive
Important concepts were skipped without explanation.,negative
This material provided a good general overview of the topic.,neutral
I learned a few new things but expected more detail.,neutral
The content was engaging and very practical.,positive
The pacing was fine but not particularly inspiring.,neutral
Important concepts were skipped without explanation.,negative
The material lacked real-world examples or context.,negative
"Great effort from the instructor, very supportive and clear.",positive
It was a satisfactory tutorial for beginners.,neutral
The course was confusing and lacked clear explanations.,negative
It was a satisfactory tutorial for beginners.,neutral
The content was decent but nothing exceptional.,neutral
A neutral learning experience overall.,neutral
"The class was fine, though it could use better organization.",neutral
The delivery was adequate and consistent throughout.,neutral
The visuals and demonstrations made everything clear.,positive
The instructor explained everything clearly and effectively.,positive
"I really enjoyed this course, it was very informative.",positive
The content was disorganized and hard to follow.,negative
"It was an average learning experience, not bad overall.",neutral
This tutorial was repetitive and didn’t teach much.,negative
Excellent teaching style and great examples.,positive
The course exceeded my expectations in every way.,positive
I'm very happy with the quality of this learning material.,positive
This tutorial was repetitive and didn’t teach much.,negative
"It was informative, but some areas lacked examples.",neutral
I appreciate the instructor’s detailed explanations.,positive
Fantastic course! I learned so much.,positive
The sound quality made it difficult to focus on the lecture.,negative
"Great effort from the instructor, very supportive and clear.",positive
"I really enjoyed this course, it was very informative.",positive
Fantastic course! I learned so much.,positive
The visuals and demonstrations made everything clear.,positive
A neutral learning experience overall.,neutral
This material provided a good general overview of the topic.,neutral
I found the explanations too vague to be helpful.,negative
I feel more confident after completing this course.,positive
The course didn’t meet my expectations at all.,negative
I didn’t find this tutorial very engaging or useful.,negative
Well-organized course with great pacing.,positive
This was an excellent resource for learning new concepts.,positive
"I really enjoyed this course, it was very informative.",positive
"I really enjoyed this course, it was very informative.",positive
Fantastic course! I learned so much.,positive
Excellent teaching style and great examples.,positive
"Overall, this course felt incomplete and not well planned.",negative
The instructor seemed unprepared and rushed through sections.,negative
"Great effort from the instructor, very supportive and clear.",positive
"Nothing remarkable, but it covered what was necessary.",neutral
Important concepts were skipped without explanation.,negative
The lessons were structured perfectly and easy to follow.,positive
The material lacked real-world examples or context.,negative
The assignments were unclear and confusing.,negative
The material lacked real-world examples or context.,negative
I had trouble understanding most of the lessons.,negative
"It was informative, but some areas lacked examples.",neutral
The examples didn’t match the explanations provided.,negative
"Nothing remarkable, but it covered what was necessary.",neutral
"The course was okay, covered the basics adequately.",neutral
The content was decent but nothing exceptional.,neutral
A standard learning experience with room for improvement.,neutral
Fantastic course! I learned so much.,positive
I expected more depth and clarity from this course.,negative
This tutorial was concise and easy to understand.,positive
I feel more confident after completing this course.,positive
Fantastic course! I learned so much.,positive
The assignments were unclear and confusing.,negative
The assignments were unclear and confusing.,negative
Highly recommend this class to anyone interested in the topic.,positive
Important concepts were skipped without explanation.,negative
The lessons didn’t go into enough detail on important topics.,negative
The sound quality made it difficult to focus on the lecture.,negative
I'm very happy with the quality of this learning material.,positive
Clear explanations made difficult concepts easy.,positive
A neutral learning experience overall.,neutral
The lessons were structured perfectly and easy to follow.,positive
A neutral learning experience overall.,neutral
I learned a few new things but expected more detail.,neutral
The visuals and demonstrations made everything clear.,positive
This material provided a good general overview of the topic.,neutral
The delivery was adequate and consistent throughout.,neutral
"The course was okay, covered the basics adequately.",neutral
I appreciate the instructor’s detailed explanations.,positive
I struggled to follow the instructor’s pace.,negative
Some of the lessons were poorly structured and unclear.,negative
Excellent teaching style and great examples.,positive
The content was disorganized and hard to follow.,negative
"Overall, this course felt incomplete and not well planned.",negative
I was disappointed with how the material was presented.,negative
The content was engaging and very practical.,positive
I didn’t find this tutorial very engaging or useful.,negative
The instructor seemed unprepared and rushed through sections.,negative
I appreciate the instructor’s detailed explanations.,positive
Clear explanations made difficult concepts easy.,positive
The examples helped reinforce the topics well.,positive
This material provided a good general overview of the topic.,neutral
The content was engaging and very practical.,positive
"The course was okay, covered the basics adequately.",neutral
The instructor seemed unprepared and rushed through sections.,negative
"Overall, this course felt incomplete and not well planned.",negative
An acceptable course for those new to the subject.,neutral
"The lessons were fine, though not very engaging.",neutral
The course design and delivery were top-notch.,positive
The content was engaging and very practical.,positive
It met the minimum expectations for a tutorial.,neutral
The instructor moved too quickly and skipped key points.,negative
"Nothing remarkable, but it covered what was necessary.",neutral
Some of the lessons were poorly structured and unclear.,negative
The material lacked real-world examples or context.,negative
The content was engaging and very practical.,positive
Excellent teaching style and great examples.,positive
Every session added real value to my understanding.,positive
Highly recommend this class to anyone interested in the topic.,positive
Highly recommend this class to anyone interested in the topic.,positive
I learned a few new things but expected more detail.,neutral
The content was decent but nothing exceptional.,neutral
Important concepts were skipped without explanation.,negative
The course didn’t meet my expectations at all.,negative
This tutorial was repetitive and didn’t teach much.,negative
"Overall, this course felt incomplete and not well planned.",negative
The examples didn’t match the explanations provided.,negative
"It was an average learning experience, not bad overall.",neutral
A neutral learning experience overall.,neutral
The examples didn’t match the explanations provided.,negative
"Great effort from the instructor, very supportive and clear.",positive
A neutral learning experience overall.,neutral
The material lacked real-world examples or context.,negative
The course design and delivery were top-notch.,positive
This material provided a good general overview of the topic.,neutral
I expected more depth and clarity from this course.,negative
Highly recommend this class to anyone interested in the topic.,positive
I was disappointed with how the material was presented.,negative
"Great effort from the instructor, very supportive and clear.",positive
I feel more confident after completing this course.,positive
Well-organized course with great pacing.,positive
I struggled to follow the instructor’s pace.,negative
The content was disorganized and hard to follow.,negative
"The course was okay, covered the basics adequately.",neutral
Fantastic course! I learned so much.,positive
"I really enjoyed this course, it was very informative.",positive
Some of the lessons were poorly structured and unclear.,negative
The course design and delivery were top-notch.,positive
Some of the lessons were poorly structured and unclear.,negative
I learned a few new things but expected more detail.,neutral
Excellent teaching style and great examples.,positive
I had trouble understanding most of the lessons.,negative
"Overall, this course felt incomplete and not well planned.",negative
The lessons didn’t go into enough detail on important topics.,negative
Clear explanations made difficult concepts easy.,positive
The lessons didn’t go into enough detail on important topics.,negative
The lessons didn’t go into enough detail on important topics.,negative
I found the explanations too vague to be helpful.,negative
A neutral learning experience overall.,neutral
The content was decent but nothing exceptional.,neutral
The content was disorganized and hard to follow.,negative
The material lacked real-world examples or context.,negative
"The course was okay, covered the basics adequately.",neutral
This tutorial was repetitive and didn’t teach much.,negative
The lessons were structured perfectly and easy to follow.,positive
This material provided a good general overview of the topic.,neutral
The visuals and demonstrations made everything clear.,positive
The lessons didn’t go into enough detail on important topics.,negative
The sound quality made it difficult to focus on the lecture.,negative
It was a satisfactory tutorial for beginners.,neutral
"The class was fine, though it could use better organization.",neutral
"The course was okay, covered the basics adequately.",neutral
A neutral learning experience overall.,neutral
I expected more depth and clarity from this course.,negative
A standard learning experience with room for improvement.,neutral
Some lessons were interesting while others were just fine.,neutral
"The course was okay, covered the basics adequately.",neutral
This tutorial was concise and easy to understand.,positive
It met the minimum expectations for a tutorial.,neutral
"It was an average learning experience, not bad overall.",neutral
The examples didn’t match the explanations provided.,negative
I didn’t find this tutorial very engaging or useful.,negative
I feel more confident after completing this course.,positive
Important concepts were skipped without explanation.,negative
This material provided a good general overview of the topic.,neutral
"The course was okay, covered the basics adequately.",neutral
"It’s a useful reference, though not very comprehensive.",neutral
The course exceeded my expectations in every way.,positive
I'm very happy with the quality of this learning material.,positive
The course design and delivery were top-notch.,positive
I learned a few new things but expected more detail.,neutral
The material lacked real-world examples or context.,negative
The course exceeded my expectations in every way.,positive
The sound quality made it difficult to focus on the lecture.,negative
The instructor explained things well enough for a short course.,neutral
"It’s a useful reference, though not very comprehensive.",neutral
Clear explanations made difficult concepts easy.,positive
This was an excellent resource for learning new concepts.,positive
Clear explanations made difficult concepts easy.,positive
The sound quality made it difficult to focus on the lecture.,negative
This tutorial was repetitive and didn’t teach much.,negative
I was disappointed with how the material was presented.,negative
I learned a few new things but expected more detail.,neutral
This material provided a good general overview of the topic.,neutral
"It’s a useful reference, though not very comprehensive.",neutral
It was a satisfactory tutorial for beginners.,neutral
Clear explanations made difficult concepts easy.,positive
This course served as a fair introduction to the topic.,neutral
Every session added real value to my understanding.,positive
I appreciate the instructor’s detailed explanations.,positive
The course was confusing and lacked clear explanations.,negative
I expected more depth and clarity from this course.,negative
The course didn’t meet my expectations at all.,negative
I appreciate the instructor’s detailed explanations.,positive
I found the explanations too vague to be helpful.,negative
The examples didn’t match the explanations provided.,negative
"It’s a useful reference, though not very comprehensive.",neutral
Excellent teaching style and great examples.,positive
The examples didn’t match the explanations provided.,negative
The lessons were structured perfectly and easy to follow.,positive
The instructor explained things well enough for a short course.,neutral
"I really enjoyed this course, it was very informative.",positive
The sound quality made it difficult to focus on the lecture.,negative
"Nothing remarkable, but it covered what was necessary.",neutral
Clear explanations made difficult concepts easy.,positive
I learned a few new things but expected more detail.,neutral
The course design and delivery were top-notch.,positive
Well-organized course with great pacing.,positive
The pacing was fine but not particularly inspiring.,neutral
The lessons were structured perfectly and easy to follow.,positive
The instructor explained everything clearly and effectively.,positive
The examples helped reinforce the topics well.,positive
The instructor seemed unprepared and rushed through sections.,negative
"Great effort from the instructor, very supportive and clear.",positive
An acceptable course for those new to the subject.,neutral
The lessons were structured perfectly and easy to follow.,positive
An acceptable course for those new to the subject.,neutral
The visuals and demonstrations made everything clear.,positive
"I really enjoyed this course, it was very informative.",positive
"Great effort from the instructor, very supportive and clear.",positive
"It was an average learning experience, not bad overall.",neutral
The content was engaging and very practical.,positive
Some of the lessons were poorly structured and unclear.,negative
Highly recommend this class to anyone interested in the topic.,positive
This material provided a good general overview of the topic.,neutral
I had trouble understanding most of the lessons.,negative
I appreciate the instructor’s detailed explanations.,positive
This course served as a fair introduction to the topic.,neutral
It met the minimum expectations for a tutorial.,neutral
This course served as a fair introduction to the topic.,neutral
I feel more confident after completing this course.,positive
Excellent teaching style and great examples.,positive
I was disappointed with how the material was presented.,negative
The material lacked real-world examples or context.,negative
This course served as a fair introduction to the topic.,neutral
The instructor explained everything clearly and effectively.,positive
Clear explanations made difficult concepts easy.,positive
"Nothing remarkable, but it covered what was necessary.",neutral
An acceptable course for those new to the subject.,neutral
"The course was okay, covered the basics adequately.",neutral
It met the minimum expectations for a tutorial.,neutral
I appreciate the instructor’s detailed explanations.,positive
"Overall, this course felt incomplete and not well planned.",negative
The instructor explained things well enough for a short course.,neutral
The pacing was fine but not particularly inspiring.,neutral
A standard learning experience with room for improvement.,neutral
The assignments were unclear and confusing.,negative
Some of the lessons were poorly structured and unclear.,negative
I had trouble understanding most of the lessons.,negative
"Overall, this course felt incomplete and not well planned.",negative
I expected more depth and clarity from this course.,negative
The course exceeded my expectations in every way.,positive
A neutral learning experience overall.,neutral
"I really enjoyed this course, it was very informative.",positive
The assignments were unclear and confusing.,negative
The lessons didn’t go into enough detail on important topics.,negative
"The course was okay, covered the basics adequately.",neutral
I struggled to follow the instructor’s pace.,negative
The examples didn’t match the explanations provided.,negative
I struggled to follow the instructor’s pace.,negative
This tutorial was concise and easy to understand.,positive
"Overall, this course felt incomplete and not well planned.",negative
Fantastic course! I learned so much.,positive
I struggled to follow the instructor’s pace.,negative
The lessons were structured perfectly and easy to follow.,positive
This material provided a good general overview of the topic.,neutral
Clear explanations made difficult concepts easy.,positive
This tutorial was repetitive and didn’t teach much.,negative
"The lessons were fine, though not very engaging.",neutral
"The class was fine, though it could use better organization.",neutral
The delivery was adequate and consistent throughout.,neutral
The assignments were unclear and confusing.,negative
I struggled to follow the instructor’s pace.,negative
"The course was okay, covered the basics adequately.",neutral
The delivery was adequate and consistent throughout.,neutral
Highly recommend this class to anyone interested in the topic.,positive
The course exceeded my expectations in every way.,positive
The sound quality made it difficult to focus on the lecture.,negative
The delivery was adequate and consistent throughout.,neutral
The course design and delivery were top-notch.,positive
It was a satisfactory tutorial for beginners.,neutral
I appreciate the instructor’s detailed explanations.,positive
"The course was okay, covered the basics adequately.",neutral
The course didn’t meet my expectations at all.,negative
Excellent teaching style and great examples.,positive
An acceptable course for those new to the subject.,neutral
I had trouble understanding most of the lessons.,negative
I learned a few new things but expected more detail.,neutral
This tutorial was concise and easy to understand.,positive
Important concepts were skipped without explanation.,negative
The lessons were structured perfectly and easy to follow.,positive
"It was an average learning experience, not bad overall.",neutral
I was disappointed with how the material was presented.,negative
The visuals and demonstrations made everything clear.,positive
It was a satisfactory tutorial for beginners.,neutral
The pacing was fine but not particularly inspiring.,neutral
Excellent teaching style and great examples.,positive
"The lessons were fine, though not very engaging.",neutral
"I really enjoyed this course, it was very informative.",positive
The material lacked real-world examples or context.,negative
This tutorial was repetitive and didn’t teach much.,negative
"The lessons were fine, though not very engaging.",neutral
Some of the lessons were poorly structured and unclear.,negative
The delivery was adequate and consistent throughout.,neutral
This tutorial was concise and easy to understand.,positive
The content was engaging and very practical.,positive
Clear explanations made difficult concepts easy.,positive
Some lessons were interesting while others were just fine.,neutral
"I really enjoyed this course, it was very informative.",positive
This tutorial was concise and easy to understand.,positive
"The lessons were fine, though not very engaging.",neutral
I was disappointed with how the material was presented.,negative
"The class was fine, though it could use better organization.",neutral
I feel more confident after completing this course.,positive
The content was engaging and very practical.,positive
I was disappointed with how the material was presented.,negative
The examples didn’t match the explanations provided.,negative
I found the explanations too vague to be helpful.,negative
This material provided a good general overview of the topic.,neutral
The examples helped reinforce the topics well.,positive
The instructor moved too quickly and skipped key points.,negative
The instructor explained everything clearly and effectively.,positive
This material provided a good general overview of the topic.,neutral
"The course was okay, covered the basics adequately.",neutral
The examples didn’t match the explanations provided.,negative
I expected more depth and clarity from this course.,negative
Fantastic course! I learned so much.,positive
The material lacked real-world examples or context.,negative
I struggled to follow the instructor’s pace.,negative
This course served as a fair introduction to the topic.,neutral
The course exceeded my expectations in every way.,positive
This course served as a fair introduction to the topic.,neutral
"Nothing remarkable, but it covered what was necessary.",neutral
I found the explanations too vague to be helpful.,negative
Excellent teaching style and great examples.,positive
Highly recommend this class to anyone interested in the topic.,positive
Fantastic course! I learned so much.,positive
I had trouble understanding most of the lessons.,negative
I didn’t find this tutorial very engaging or useful.,negative
The instructor explained things well enough for a short course.,neutral
I struggled to follow the instructor’s pace.,negative
I struggled to follow the instructor’s pace.,negative
"It was an average learning experience, not bad overall.",neutral
I struggled to follow the instructor’s pace.,negative
Important concepts were skipped without explanation.,negative
I didn’t find this tutorial very engaging or useful.,negative
Highly recommend this class to anyone interested in the topic.,positive
I learned a few new things but expected more detail.,neutral
The instructor explained things well enough for a short course.,neutral
The lessons didn’t go into enough detail on important topics.,negative
This course served as a fair introduction to the topic.,neutral
"It was an average learning experience, not bad overall.",neutral
"The course was okay, covered the basics adequately.",neutral
The lessons didn’t go into enough detail on important topics.,negative
The lessons were structured perfectly and easy to follow.,positive
The examples helped reinforce the topics well.,positive
The delivery was adequate and consistent throughout.,neutral
"The course was okay, covered the basics adequately.",neutral
A standard learning experience with room for improvement.,neutral
I learned a few new things but expected more detail.,neutral
The course exceeded my expectations in every way.,positive
The instructor explained everything clearly and effectively.,positive
I expected more depth and clarity from this course.,negative
I learned a few new things but expected more detail.,neutral
The course exceeded my expectations in every way.,positive
The content was disorganized and hard to follow.,negative
I didn’t find this tutorial very engaging or useful.,negative
The instructor moved too quickly and skipped key points.,negative
Well-organized course with great pacing.,positive
Well-organized course with great pacing.,positive
It was a satisfactory tutorial for beginners.,neutral
A neutral learning experience overall.,neutral
The instructor explained things well enough for a short course.,neutral
The instructor moved too quickly and skipped key points.,negative
The course didn’t meet my expectations at all.,negative
This tutorial was concise and easy to understand.,positive
I expected more depth and clarity from this course.,negative
This course served as a fair introduction to the topic.,neutral
I'm very happy with the quality of this learning material.,positive
The sound quality made it difficult to focus on the lecture.,negative
"Nothing remarkable, but it covered what was necessary.",neutral
The lessons were structured perfectly and easy to follow.,positive
I struggled to follow the instructor’s pace.,negative
The sound quality made it difficult to focus on the lecture.,negative
I had trouble understanding most of the lessons.,negative
I was disappointed with how the material was presented.,negative
This tutorial was concise and easy to understand.,positive
The instructor moved too quickly and skipped key points.,negative
"The class was fine, though it could use better organization.",neutral
The content was decent but nothing exceptional.,neutral
"It was informative, but some areas lacked examples.",neutral
"I really enjoyed this course, it was very informative.",positive
The lessons didn’t go into enough detail on important topics.,negative
Excellent teaching style and great examples.,positive
This course served as a fair introduction to the topic.,neutral
"It’s a useful reference, though not very comprehensive.",neutral
The content was disorganized and hard to follow.,negative
The pacing was fine but not particularly inspiring.,neutral
I didn’t find this tutorial very engaging or useful.,negative
I was disappointed with how the material was presented.,negative
It was a satisfactory tutorial for beginners.,neutral
The delivery was adequate and consistent throughout.,neutral
The pacing was fine but not particularly inspiring.,neutral
Every session added real value to my understanding.,positive
I expected more depth and clarity from this course.,negative
The sound quality made it difficult to focus on the lecture.,negative
The course exceeded my expectations in every way.,positive
The examples didn’t match the explanations provided.,negative
A standard learning experience with room for improvement.,neutral
I appreciate the instructor’s detailed explanations.,positive
Some lessons were interesting while others were just fine.,neutral
The sound quality made it difficult to focus on the lecture.,negative
The course design and delivery were top-notch.,positive
"Great effort from the instructor, very supportive and clear.",positive
I didn’t find this tutorial very engaging or useful.,negative
This material provided a good general overview of the topic.,neutral
"The lessons were fine, though not very engaging.",neutral
"The lessons were fine, though not very engaging.",neutral
The assignments were unclear and confusing.,negative
I found the explanations too vague to be helpful.,negative
An acceptable course for those new to the subject.,neutral
The instructor explained everything clearly and effectively.,positive
The delivery was adequate and consistent throughout.,neutral
Some lessons were interesting while others were just fine.,neutral
A standard learning experience with room for improvement.,neutral
The course design and delivery were top-notch.,positive
"The lessons were fine, though not very engaging.",neutral
A neutral learning experience overall.,neutral
I struggled to follow the instructor’s pace.,negative
The lessons were structured perfectly and easy to follow.,positive
A standard learning experience with room for improvement.,neutral
Some lessons were interesting while others were just fine.,neutral
The content was decent but nothing exceptional.,neutral
It met the minimum expectations for a tutorial.,neutral
The visuals and demonstrations made everything clear.,positive
A standard learning experience with room for improvement.,neutral
The examples helped reinforce the topics well.,positive
The lessons were structured perfectly and easy to follow.,positive
I struggled to follow the instructor’s pace.,negative
I didn’t find this tutorial very engaging or useful.,negative
It was a satisfactory tutorial for beginners.,neutral
It met the minimum expectations for a tutorial.,neutral
Well-organized course with great pacing.,positive
Fantastic course! I learned so much.,positive
This course served as a fair introduction to the topic.,neutral
This tutorial was repetitive and didn’t teach much.,negative
The assignments were unclear and confusing.,negative
"The course was okay, covered the basics adequately.",neutral
"Overall, this course felt incomplete and not well planned.",negative
"Nothing remarkable, but it covered what was necessary.",neutral
The course design and delivery were top-notch.,positive
It was a satisfactory tutorial for beginners.,neutral
The instructor seemed unprepared and rushed through sections.,negative
"It’s a useful reference, though not very comprehensive.",neutral
The visuals and demonstrations made everything clear.,positive
"The lessons were fine, though not very engaging.",neutral
The course design and delivery were top-notch.,positive
I feel more confident after completing this course.,positive
The instructor explained things well enough for a short course.,neutral
I feel more confident after completing this course.,positive
The course exceeded my expectations in every way.,positive
The course didn’t meet my expectations at all.,negative
I had trouble understanding most of the lessons.,negative
The lessons didn’t go into enough detail on important topics.,negative
Clear explanations made difficult concepts easy.,positive
The content was disorganized and hard to follow.,negative
The sound quality made it difficult to focus on the lecture.,negative
"Nothing remarkable, but it covered what was necessary.",neutral
"Great effort from the instructor, very supportive and clear.",positive
The assignments were unclear and confusing.,negative
The delivery was adequate and consistent throughout.,neutral
I had trouble understanding most of the lessons.,negative
Some of the lessons were poorly structured and unclear.,negative
"It was an average learning experience, not bad overall.",neutral
This course served as a fair introduction to the topic.,neutral
The material lacked real-world examples or context.,negative
The lessons were structured perfectly and easy to follow.,positive
The instructor explained everything clearly and effectively.,positive
I expected more depth and clarity from this course.,negative
The instructor moved too quickly and skipped key points.,negative
"I really enjoyed this course, it was very informative.",positive
Clear explanations made difficult concepts easy.,positive
I learned a few new things but expected more detail.,neutral
"I really enjoyed this course, it was very informative.",positive
The lessons were structured perfectly and easy to follow.,positive
"It was informative, but some areas lacked examples.",neutral
"It was informative, but some areas lacked examples.",neutral
I found the explanations too vague to be helpful.,negative
"Overall, this course felt incomplete and not well planned.",negative
"The class was fine, though it could use better organization.",neutral
A standard learning experience with room for improvement.,neutral
The instructor explained everything clearly and effectively.,positive
This material provided a good general overview of the topic.,neutral
I feel more confident after completing this course.,positive
Every session added real value to my understanding.,positive
I appreciate the instructor’s detailed explanations.,positive
I struggled to follow the instructor’s pace.,negative
This material provided a good general overview of the topic.,neutral
It was a satisfactory tutorial for beginners.,neutral
The instructor moved too quickly and skipped key points.,negative
The instructor explained things well enough for a short course.,neutral
"Nothing remarkable, but it covered what was necessary.",neutral
The examples didn’t match the explanations provided.,negative
The instructor moved too quickly and skipped key points.,negative
"The course was okay, covered the basics adequately.",neutral
The examples helped reinforce the topics well.,positive
I didn’t find this tutorial very engaging or useful.,negative
"The class was fine, though it could use better organization.",neutral
